{
  "run_at": "2026-04-23T23:18:05.504860",
  "years_back": 10,
  "species": {
    "hendrickson": {
      "status": "kept_prior_outlier_obs",
      "chain_used": {
        "inat": "Ephemerellidae",
        "gbif": "Ephemerellidae",
        "idigbio": "Ephemerellidae",
        "rank": "family"
      },
      "iNat_pulled": 2,
      "gbif_pulled": 57,
      "idigbio_pulled": 17,
      "n_in_window": 17,
      "n_dd_computed": 17,
      "old_mean": 260,
      "old_sd": 40,
      "new_mean": 260.0,
      "new_sd": 40.0,
      "n_raw": 17,
      "n_core": 14,
      "min": 22.657444980590412,
      "p10": 22.657444980590412,
      "p50": 48.89934125179376,
      "p90": 329.4327853620326,
      "max": 393.92343277468143,
      "obs_median": 42.133220247767866,
      "obs_sd": 25.155282619714054
    },
    "bwo-spring": {
      "status": "blended",
      "chain_used": {
        "inat": "Baetis tricaudatus",
        "gbif": "Baetis tricaudatus",
        "idigbio": "Baetis tricaudatus",
        "rank": "species"
      },
      "iNat_pulled": 1,
      "gbif_pulled": 13,
      "idigbio_pulled": 19,
      "n_in_window": 16,
      "n_dd_computed": 16,
      "old_mean": 180,
      "old_sd": 60,
      "new_mean": 203.1,
      "new_sd": 95.0,
      "n_raw": 16,
      "n_core": 13,
      "min": 0.0,
      "p10": 4.4225265316489,
      "p50": 383.91409821201256,
      "p90": 524.8028924234886,
      "max": 526.4037882084771,
      "obs_median": 246.32313372232767,
      "obs_sd": 160.75592175233515
    },
    "sulphur": {
      "status": "blended",
      "chain_used": {
        "inat": "Ephemerella",
        "gbif": null,
        "idigbio": "Ephemerella",
        "rank": "genus"
      },
      "iNat_pulled": 1,
      "gbif_pulled": 1,
      "idigbio_pulled": 61,
      "n_in_window": 17,
      "n_dd_computed": 17,
      "old_mean": 320,
      "old_sd": 50,
      "new_mean": 289.0,
      "new_sd": 64.3,
      "n_raw": 17,
      "n_core": 14,
      "min": 43.382289554734655,
      "p10": 68.5817923991685,
      "p50": 250.6017220280997,
      "p90": 561.3500100157019,
      "max": 699.6365588608702,
      "obs_median": 234.17497883657205,
      "obs_sd": 89.48430487554492
    },
    "grannom-caddis": {
      "status": "blended",
      "chain_used": {
        "inat": "Brachycentrus numerosus",
        "gbif": "Brachycentrus numerosus",
        "idigbio": "Brachycentrus numerosus",
        "rank": "species"
      },
      "iNat_pulled": 0,
      "gbif_pulled": 28,
      "idigbio_pulled": 54,
      "n_in_window": 46,
      "n_dd_computed": 46,
      "old_mean": 380,
      "old_sd": 55,
      "new_mean": 481.0,
      "new_sd": 183.8,
      "n_raw": 46,
      "n_core": 37,
      "min": 50.836057208427235,
      "p10": 54.907105032200576,
      "p50": 581.3280820486694,
      "p90": 743.9425850591875,
      "max": 970.69273706373,
      "obs_median": 546.8595695659014,
      "obs_sd": 267.774575223743
    },
    "trico": {
      "status": "kept_prior_outlier_obs",
      "chain_used": {
        "inat": "Tricorythodes",
        "gbif": "Tricorythodes",
        "idigbio": "Tricorythodes",
        "rank": "genus"
      },
      "iNat_pulled": 0,
      "gbif_pulled": 36,
      "idigbio_pulled": 127,
      "n_in_window": 67,
      "n_dd_computed": 67,
      "old_mean": 420,
      "old_sd": 45,
      "new_mean": 420.0,
      "new_sd": 45.0,
      "n_raw": 67,
      "n_core": 54,
      "min": 613.863124896904,
      "p10": 754.4732975944862,
      "p50": 1240.2867168683742,
      "p90": 1950.783360989816,
      "max": 2186.6209624672683,
      "obs_median": 1240.2867168683742,
      "obs_sd": 295.1184517605519
    },
    "hex": {
      "status": "blended",
      "chain_used": {
        "inat": "Hexagenia limbata",
        "gbif": "Hexagenia limbata",
        "idigbio": "Hexagenia limbata",
        "rank": "species"
      },
      "iNat_pulled": 135,
      "gbif_pulled": 93,
      "idigbio_pulled": 167,
      "n_in_window": 287,
      "n_dd_computed": 287,
      "old_mean": 520,
      "old_sd": 60,
      "new_mean": 471.0,
      "new_sd": 121.8,
      "n_raw": 287,
      "n_core": 230,
      "min": 159.06609957523608,
      "p10": 262.72344087363086,
      "p50": 465.8650210177098,
      "p90": 771.6323953969279,
      "max": 961.0250941682775,
      "obs_median": 465.8650210177098,
      "obs_sd": 128.266308843303
    },
    "bwo-fall": {
      "status": "kept_prior_outlier_obs",
      "chain_used": {
        "inat": "Baetidae",
        "gbif": "Baetidae",
        "idigbio": "Baetidae",
        "rank": "family"
      },
      "iNat_pulled": 23,
      "gbif_pulled": 254,
      "idigbio_pulled": 132,
      "n_in_window": 82,
      "n_dd_computed": 82,
      "old_mean": 180,
      "old_sd": 60,
      "new_mean": 180.0,
      "new_sd": 60.0,
      "n_raw": 82,
      "n_core": 65,
      "min": 2230.2216606810143,
      "p10": 2404.686665072171,
      "p50": 2610.286684971215,
      "p90": 3012.3476050967092,
      "max": 3251.9547479578973,
      "obs_median": 2610.286684971215,
      "obs_sd": 132.09665076318427
    },
    "hopper": {
      "status": "no_observations",
      "iNat_pulled": 0,
      "gbif_pulled": 0
    },
    "ant": {
      "status": "no_observations",
      "iNat_pulled": 0,
      "gbif_pulled": 0
    },
    "beetle": {
      "status": "no_observations",
      "iNat_pulled": 0,
      "gbif_pulled": 0
    },
    "cricket": {
      "status": "no_observations",
      "iNat_pulled": 0,
      "gbif_pulled": 0
    },
    "isonychia": {
      "status": "kept_prior_outlier_obs",
      "chain_used": {
        "inat": "Isonychia bicolor",
        "gbif": "Isonychia bicolor",
        "idigbio": "Isonychia bicolor",
        "rank": "species"
      },
      "iNat_pulled": 6,
      "gbif_pulled": 19,
      "idigbio_pulled": 24,
      "n_in_window": 47,
      "n_dd_computed": 47,
      "old_mean": 600,
      "old_sd": 80,
      "new_mean": 600.0,
      "new_sd": 80.0,
      "n_raw": 47,
      "n_core": 38,
      "min": 381.30298253613097,
      "p10": 566.3269288238914,
      "p50": 947.1285551216755,
      "p90": 1378.8859444952195,
      "max": 1378.8859444952195,
      "obs_median": 947.1285551216755,
      "obs_sd": 259.06757170352097
    },
    "tan-caddis": {
      "status": "blended",
      "chain_used": {
        "inat": "Hydropsyche",
        "gbif": "Animalia",
        "idigbio": "Hydropsyche",
        "rank": "genus"
      },
      "iNat_pulled": 0,
      "gbif_pulled": 0,
      "idigbio_pulled": 166,
      "n_in_window": 134,
      "n_dd_computed": 134,
      "old_mean": 450,
      "old_sd": 70,
      "new_mean": 667.9,
      "new_sd": 291.6,
      "n_raw": 134,
      "n_core": 107,
      "min": 5.502950099047551,
      "p10": 183.78621178133022,
      "p50": 716.6320456749587,
      "p90": 1572.7029474406588,
      "max": 2216.329076769541,
      "obs_median": 716.6320456749587,
      "obs_sd": 341.2687580352205
    }
  }
}